{
  "$schema": "https://schema.management.azure.com/schemas/2019-04-01/deploymentTemplate.json#",
  "contentVersion": "1.0.0.0",
  "metadata": {
    "_generator": {
      "name": "bicep",
      "version": "0.4.1008.15138",
      "templateHash": "12868867817539537697"
    }
  },
  "parameters": {
    "storageAccountType": {
      "type": "string",
      "defaultValue": "Standard_LRS",
      "allowedValues": [
        "Premium_LRS",
        "Premium_ZRS",
        "Standard_GRS",
        "Standard_GZRS",
        "Standard_LRS",
        "Standard_RAGRS",
        "Standard_RAGZRS",
        "Standard_ZRS"
      ],
      "metadata": {
        "description": "Storage Account type."
      }
    },
    "blobEncryptionEnabled": {
      "type": "bool",
      "defaultValue": true,
      "metadata": {
        "description": "Enable or disable Blob encryption at Rest."
      }
    },
    "location": {
      "type": "string",
      "defaultValue": "[resourceGroup().location]",
      "metadata": {
        "description": "Location for all resources."
      }
    },
    "storageAccountName": {
      "type": "string",
      "defaultValue": "[format('store{0}', uniqueString(resourceGroup().id))]",
      "metadata": {
        "description": "The name of the Storage Account"
      }
    }
  },
  "functions": [],
  "resources": [
    {
      "type": "Microsoft.Storage/storageAccounts",
      "apiVersion": "2021-04-01",
      "name": "[parameters('storageAccountName')]",
      "location": "[parameters('location')]",
      "sku": {
        "name": "[parameters('storageAccountType')]"
      },
      "kind": "Storage",
      "properties": {
        "encryption": {
          "keySource": "Microsoft.Storage",
          "services": {
            "blob": {
              "enabled": "[parameters('blobEncryptionEnabled')]"
            }
          }
        }
      }
    }
  ],
  "outputs": {
    "storageAccountName": {
      "type": "string",
      "value": "[parameters('storageAccountName')]"
    },
    "storageAccountId": {
      "type": "string",
      "value": "[resourceId('Microsoft.Storage/storageAccounts', parameters('storageAccountName'))]"
    }
  }
}
